<?xml version="1.0" encoding="UTF-8"?>
<project-private xmlns="http://www.netbeans.org/ns/project-private/1">
    <editor-bookmarks xmlns="http://www.netbeans.org/ns/editor-bookmarks/2" lastBookmarkId="1">
        <file>
            <url>web/index.jsp</url>
            <bookmark id="1">
                <name/>
                <line>0</line>
                <key/>
            </bookmark>
        </file>
    </editor-bookmarks>
    <open-files xmlns="http://www.netbeans.org/ns/projectui-open-files/2">
        <group>
            <file>file:/C:/Users/HP/Documents/NetBeansProjects/blossomnbrew/web/shop.jsp</file>
            <file>file:/C:/Users/HP/Documents/NetBeansProjects/blossomnbrew/web/product2.jsp</file>
            <file>file:/C:/Users/HP/Documents/NetBeansProjects/blossomnbrew/src/java/servlets/register_serv.java</file>
            <file>file:/C:/Users/HP/Documents/NetBeansProjects/blossomnbrew/web/order_form.jsp</file>
            <file>file:/C:/Users/HP/Documents/NetBeansProjects/blossomnbrew/web/error.jsp</file>
            <file>file:/C:/Users/HP/Documents/NetBeansProjects/blossomnbrew/src/java/servlets/OrderServlet.java</file>
            <file>file:/C:/Users/HP/Documents/NetBeansProjects/blossomnbrew/web/index.jsp</file>
        </group>
    </open-files>
</project-private>
